{"cameraMode":{"drawMode":0,"name":"Shaded","section":"Shading Mode"},"sceneLighting":true,"audioPlay":false,"sceneViewState":{"showFog":true,"showMaterialUpdate":false,"showSkybox":true,"showFlares":true,"showImageEffects":true,"showParticleSystems":true},"in2DMode":false,"pivot":{"x":-0.2887033522129059,"y":1.15380859375,"z":-0.2048780620098114},"rotation":{"x":0.20599453151226045,"y":-0.06160266324877739,"z":0.012994850054383278,"w":0.9765260815620422},"size":3.247981309890747,"orthographic":true}